{
  "title": "SWADE Hellfrost Theme",
  "description": "<p>An Hellfrost character sheet theme for SWADE. <a target=\"_blank\" href=\"https://www.brusheezy.com\">Free Brushes by Brusheezy</a></p>",
  "url": "https://github.com/Tenyryas/swade-hf-css",
  "version": "1.4.0",
  "styles": [
    "swade_hf.css"
  ],
  "manifest": "https://raw.githubusercontent.com/Tenyryas/swade-hf-css/master/module.json",
  "download": "https://github.com/Tenyryas/swade-hf-css/raw/v1.4.0/swade-hf-css.zip",
  "id": "swade-hf-css",
  "compatibility": {
    "minimum": "10",
    "verified": "10"
  }
}