{
  "name": "swade-hf-css",
  "title": "SWADE Hellfrost Theme",
  "description": "<p>An Hellfrost character sheet theme for SWADE. <a target='_blank' href='https://www.brusheezy.com'>Free Brushes by Brusheezy</a></p>",
  "version": "1.0.3",
  "author": "Kyane, SalieriC",
  "systems": ["swade"],
  "scripts": [],
  "esmodules": [],
  "styles": ["swade_hf.css"],
  "packs": [],
  "url": "https://github.com/Tenyryas/swade-hf-css",
  "manifest": "https://raw.githubusercontent.com/Tenyryas/swade-hf-css/master/module.json",
  "download": "https://github.com/Tenyryas/swade-hf-css/raw/v1.0.3/swade-hf-css.zip",
  "compatibleCoreVersion" : "0.7.5",
  "minimumCoreVersion": "0.6.6"
}