{
  "name": "swade-hf-css",
  "title": "SWADE Hellfrost Theme",
  "description": "<p>An Hellfrost character sheet theme for SWADE. <a target=\"_blank\" href=\"https://www.brusheezy.com\">Free Brushes by Brusheezy</a></p>",
  "author": "Kyane, SalieriC",
  "authors": [],
  "url": "https://github.com/Tenyryas/swade-hf-css",
  "flags": {},
  "version": "1.3.0",
  "minimumCoreVersion": "9",
  "compatibleCoreVersion": "9",
  "scripts": [],
  "esmodules": [],
  "styles": [
    "swade_hf.css"
  ],
  "languages": [],
  "packs": [],
  "system": [
    "swade"
  ],
  "dependencies": [],
  "socket": false,
  "manifest": "https://raw.githubusercontent.com/Tenyryas/swade-hf-css/master/module.json",
  "download": "https://github.com/Tenyryas/swade-hf-css/raw/v1.3.0/swade-hf-css.zip",
  "protected": false,
  "coreTranslation": false,
  "library": false
}